{
    "Dedo 1 (Indicador)": {
        "key": "adc_v34",
        "rest": 2.87369966506958,
        "full": 3.0928938388824463,
        "crosstalk_ref": {
            "adc_v32": 0.0,
            "adc_v33": 1.9090843200683594,
            "adc_v35": 2.33941388130188
        }
    },
    "Dedo 2 (M\u00e9dio)": {
        "key": "adc_v35",
        "rest": 0.0,
        "full": 2.4312820434570312,
        "crosstalk_ref": {
            "adc_v32": 0.0,
            "adc_v33": 1.6592674255371094,
            "adc_v34": 2.745567798614502
        }
    },
    "Dedo 4 (Mindinho)": {
        "key": "adc_v32",
        "rest": 0.0,
        "full": 0.620512843132019,
        "crosstalk_ref": {
            "adc_v33": 2.5086445808410645,
            "adc_v34": 2.978461503982544,
            "adc_v35": 2.2934799194335938
        }
    },
    "Dedo 3 (Anelar)": {
        "key": "adc_v33",
        "rest": 1.8204395771026611,
        "full": 2.922051191329956,
        "crosstalk_ref": {
            "adc_v32": 0.024175824597477913,
            "adc_v34": 2.9083516597747803,
            "adc_v35": 2.3345787525177
        }
    }
}